snomedcode,snomedcode_count,term,include,RM_16category,RM_5 category,notes,,2021 Census Categories,,,,,,,,,,,,,
8.8921E+13,28602,Traveller - ethnic category 2001 census,1,Gypsy/Irish Traveller,1,,,,,,,,,,,,,16 categories,,5  categories,
8.8931E+13,11571,Gypsy/Romany - ethnic category 2001 census,1,Gypsy/Irish Traveller,1,,,,,,,,,,,,1,white british,,1,White
718961001,2286,Slovak Roma,1,Gypsy/Irish Traveller,1,,,,,,,,,,,,2,irish,,2,Mixed
718960000,780,Romanian Roma,1,Gypsy/Irish Traveller,1,,,,,,,,,,,,3,gypsy/irish traveller,,3,Asian
8.8911E+13,703,Irish Traveller - ethnic category 2001 census,1,Gypsy/Irish Traveller,1,,,,,,,,,,,,4,other white,,4,Black
40182006,433,Gypsies,1,Gypsy/Irish Traveller,1,,,,,,,,,,,,5,white caribbean,,5,Other
315283003,364,Irish traveller,1,Gypsy/Irish Traveller,1,,,,,,,,,,,,6,white african,,6,Unknown
9.76671E+14,189,White: Gypsy or Irish Traveller - England and Wales ethnic category 2011 census,1,Gypsy/Irish Traveller,1,,,,,,,,,,,,7,white asian,,,
9.77971E+14,25,White: Gypsy or Irish Traveller - Scotland ethnic category 2011 census,1,Gypsy/Irish Traveller,1,,,,,,,,,,,,8,other mixed,,,
9.77371E+14,5,Irish Traveller - Northern Ireland ethnic category 2011 census,1,Gypsy/Irish Traveller,1,,,,,,,,,,,,9,indian,,,
718963003,3189,Hungarian Roma,1,Gypsy/Irish Traveller,1,,,,,,,,,,,,10,pakistani,,,
718958002,556,Roma,1,Gypsy/Irish Traveller,1,,,,,,,,,,,,11,bangladeshi,,,
718964009,377,Polish Roma,1,Gypsy/Irish Traveller,1,,,,,,,,,,,,12,chinese,,,
718959005,100,Czech Roma,1,Gypsy/Irish Traveller,1,,,,,,,,,,,,13,other asian,,,
9.2401E+13,87115,Irish - ethnic category 2001 census,1,Irish,1,,,,,,,,,,,,14,african,,,
315237009,32109,White Irish,1,Irish,1,,,,,,,,,,,,15,caribbean,,,
4.94161E+14,22240,White Irish - ethnic category 2001 census,1,Irish,1,,,,,,,,,,,,16,other black,,,
9.76651E+14,1823,White: Irish - England and Wales ethnic category 2011 census,1,Irish,1,,,,,,,,,,,,17,arab,,,
9.4021E+13,1341,Mixed Irish and other White - ethnic category 2001 census,1,Irish,1,,,,,,,,,,,,18,other,,,
9.2561E+13,856,Northern Irish - ethnic category 2001 census,1,Irish,1,,,,,,,,,,,,19,unknown,,,
186014006,601,Irish (NMO),1,Irish,1,,,,,,,,,,,,,,,,
9.77951E+14,53,White: Irish - Scotland ethnic category 2011 census,1,Irish,1,,,,,,,,,,,,,,,,
9.3921E+13,15,Ulster Scots - ethnic category 2001 census,1,Irish,1,?,,,,,,,,,,,,,,,
9.2411E+13,1333353,Other White background - ethnic category 2001 census,1,Other White,1,,,,,,,,,,,,,,,,
8.8941E+13,201496,Polish - ethnic category 2001 census,1,Other White,1,,,,,,,,,,,,,,,,
8.8951E+13,83011,Baltic States (Estonian or Latvian or Lithuanian) - ethnic category 2001 census,1,Other White,1,,,,,,,,,,,,,,,,
445343003,76736,Romanian,1,Other White,1,,,,,,,,,,,,,,,,
9.4051E+13,51583,Other White or White unspecified - ethnic category 2001 census,1,Other White,1,,,,,,,,,,,,,,,,
186017004,32159,Other European (NMO),1,Other White,1,,,,,,,,,,,,,,,,
9.3961E+13,30255,Italian - ethnic category 2001 census,1,Other White,1,,,,,,,,,,,,,,,,
9.2681E+13,20849,British Asian - ethnic category 2001 census,1,Other White,1,,,,,,,,,,,,,,,,
401214002,18171,Other white British ethnic group,1,Other White,1,,,,,,,,,,,,,,,,
8.9011E+13,16634,Iranian - ethnic category 2001 census,1,Other White,1,*google tells me Iranians do not consider themselves Arab,,,,,,,,,,,,,,,
9.4071E+13,14527,"Middle Eastern (excluding Israeli, Iranian and Arab) - ethnic category 2001 census",1,Other White,1,,,,,,,,,,,,,,,,
1.10401E+14,13849,Turkish - ethnic category 2001 census,1,Other White,1,,,,,,,,,,,,,,,,
9.76691E+14,13620,White: any other White background - England and Wales ethnic category 2011 census,1,Other White,1,,,,,,,,,,,,,,,,
9.4091E+13,11712,Kurdish - ethnic category 2001 census,1,Other White,1,,,,,,,,,,,,,,,,
80208004,11262,Portuguese,1,Other White,1,,,,,,,,,,,,,,,,
9.3931E+13,10544,Greek - ethnic category 2001 census,1,Other White,1,,,,,,,,,,,,,,,,
29343004,10520,Bulgarian,1,Other White,1,,,,,,,,,,,,,,,,
36329002,9942,Slovak,1,Other White,1,,,,,,,,,,,,,,,,
8.8971E+13,8775,Albanian - ethnic category 2001 census,1,Other White,1,,,,,,,,,,,,,,,,
8.9021E+13,8088,South and Central American - ethnic category 2001 census,1,Other White,1,,,,,,,,,,,,,,,,
8.8961E+13,6650,Commonwealth of (Russian) Independent States - ethnic category 2001 census,1,Other White,1,,,,,,,,,,,,,,,,
286009,6529,Czech,1,Other White,1,,,,,,,,,,,,,,,,
9.4111E+13,5930,Latin American - ethnic category 2001 census,1,Other White,1,,,,,,,,,,,,,,,,
9.3941E+13,2340,Greek Cypriot - ethnic category 2001 census,1,Other White,1,,,,,,,,,,,,,,,,
275595001,2190,Iranian (NMO),1,Other White,1,,,,,,,,,,,,,,,,
275601009,2084,Turkish (NMO),1,Other White,1,,,,,,,,,,,,,,,,
9.78011E+14,1979,White: Polish - Scotland ethnic category 2011 census,1,Other White,1,,,,,,,,,,,,,,,,
8.8991E+13,1824,Jewish - ethnic category 2001 census,1,Other White,1,,,,,,,,,,,,,,,,
9.3981E+13,1781,Kosovan - ethnic category 2001 census,1,Other White,1,,,,,,,,,,,,,,,,
9.2791E+13,1748,Cypriot (part not stated) - ethnic category 2001 census,1,Other White,1,,,,,,,,,,,,,,,,
9.4011E+13,1534,Other republics which made up the former Yugoslavia - ethnic category 2001 census,1,Other White,1,,,,,,,,,,,,,,,,
275599007,1387,Greek (NMO),1,Other White,1,,,,,,,,,,,,,,,,
9.4001E+13,1372,Croatian - ethnic category 2001 census,1,Other White,1,,,,,,,,,,,,,,,,
9.3951E+13,1241,Turkish Cypriot - ethnic category 2001 census,1,Other White,1,,,,,,,,,,,,,,,,
8.8981E+13,1238,Serbian - ethnic category 2001 census,1,Other White,1,,,,,,,,,,,,,,,,
9.78031E+14,905,White: any other White ethnic group - Scotland ethnic category 2011 census,1,Other White,1,,,,,,,,,,,,,,,,
270467002,892,Turkish/Turkish Cypriot (NMO),1,Other White,1,,,,,,,,,,,,,,,,
9.3991E+13,756,Bosnian - ethnic category 2001 census,1,Other White,1,,,,,,,,,,,,,,,,
9.4081E+13,467,Israeli - ethnic category 2001 census,1,Other White,1,,,,,,,,,,,,,,,,
186036009,460,New Zealand European,1,Other White,1,,,,,,,,,,,,,,,,
270466006,456,Greek/Greek Cypriot (NMO),1,Other White,1,,,,,,,,,,,,,,,,
275600005,371,Greek Cypriot (NMO),1,Other White,1,,,,,,,,,,,,,,,,
275602002,188,Turkish Cypriot (NMO),1,Other White,1,,,,,,,,,,,,,,,,
9.77351E+14,117,White - Northern Ireland ethnic category 2011 census,1,Other White,1,,,,,,,,,,,,,,,,
718962008,84,Bulgarian Roma,1,Other White,1,,,,,,,,,,,,,,,,
186037000,47,Other European in New Zealand,1,Other White,1,,,,,,,,,,,,,,,,
9.2391E+13,8703561,British or mixed British - ethnic category 2001 census,1,White British,1,,,,,,,,,,,,,,,,
315236000,4930267,White British,1,White British,1,,,,,,,,,,,,,,,,
4.94131E+14,3497489,White British - ethnic category 2001 census,1,White British,1,,,,,,,,,,,,,,,,
185984009,847659,White - ethnic group,1,White British,1,,,,,,,,,,,,,,,,
1.10761E+14,348234,English - ethnic category 2001 census,1,White British,1,,,,,,,,,,,,,,,,
9.76631E+14,161314,White: English or Welsh or Scottish or Northern Irish or British - England and Wales ethnic category 2011 census,1,White British,1,,,,,,,,,,,,,,,,
9.2541E+13,6855,Scottish - ethnic category 2001 census,1,White British,1,,,,,,,,,,,,,,,,
9.2571E+13,6586,Cornish - ethnic category 2001 census,1,White British,1,,,,,,,,,,,,,,,,
401213008,6175,White Scottish,1,White British,1,,,,,,,,,,,,,,,,
9.2551E+13,3708,Welsh - ethnic category 2001 census,1,White British,1,,,,,,,,,,,,,,,,
9.77931E+14,1369,White: other British - Scotland ethnic category 2011 census,1,White British,1,,,,,,,,,,,,,,,,
9.77911E+14,344,White: Scottish - Scotland ethnic category 2011 census,1,White British,1,,,,,,,,,,,,,,,,
9.2451E+13,110963,Other Mixed background - ethnic category 2001 census,1,Other Mixed,2,,,,,,,,,,,,,,,,
186019001,13040,"Other ethnic, mixed origin",1,Other Mixed,2,,,,,,,,,,,,,,,,
9.4031E+13,9730,Other mixed White - ethnic category 2001 census,1,Other Mixed,2,,,,,,,,,,,,,,,,
315239007,8125,Mixed ethnic census group,1,Other Mixed,2,,,,,,,,,,,,,,,,
9.2621E+13,6090,Other Mixed or Mixed unspecified - ethnic category 2001 census,1,Other Mixed,2,,,,,,,,,,,,,,,,
186023009,3811,"Other ethnic, other mixed origin",1,Other Mixed,2,,,,,,,,,,,,,,,,
186022004,2796,"Other ethnic, mixed white origin",1,Other Mixed,2,,,,,,,,,,,,,,,,
9.76771E+14,1190,Mixed multiple ethnic groups: any other Mixed or multiple ethnic background - England and Wales ethnic category 2011 census,1,Other Mixed,2,,,,,,,,,,,,,,,,
9.2581E+13,1056,Black and Asian - ethnic category 2001 census,1,Other Mixed,2,,,,,,,,,,,,,,,,
9.77551E+14,254,Mixed multiple ethnic groups: any other Mixed or multiple ethnic background - Northern Ireland ethnic category 2011 census,1,Other Mixed,2,,,,,,,,,,,,,,,,
9.2591E+13,103,Black and Chinese - ethnic category 2001 census,1,Other Mixed,2,,,,,,,,,,,,,,,,
9.78051E+14,41,Mixed or multiple ethnic groups: any Mixed or multiple ethnic group - Scotland ethnic category 2011 census,1,Other Mixed,2,,,,,,,,,,,,,,,,
9.2431E+13,80823,White and Black African - ethnic category 2001 census,1,Mixed - White  African,2,,,,,,,,,,,,,,,,
315635008,7154,Black African and White,1,Mixed - White  African,2,,,,,,,,,,,,,,,,
1.10771E+14,2535,Black and White - ethnic category 2001 census,1,Mixed - White  African,2,,,,,,,,,,,,,,,,
9.76731E+14,1020,Mixed multiple ethnic groups: White and Black African - England and Wales ethnic category 2011 census,1,Mixed - White  African,2,,,,,,,,,,,,,,,,
9.77411E+14,882,Mixed multiple ethnic groups: White and Black African - Northern Ireland ethnic category 2011 census,1,Mixed - White  African,2,,,,,,,,,,,,,,,,
9.2441E+13,83655,White and Asian - ethnic category 2001 census,1,Mixed - White Asian,2,,,,,,,,,,,,,,,,
186021006,10629,"Other ethnic, Asian/White origin",1,Mixed - White Asian,2,,,,,,,,,,,,,,,,
9.2601E+13,2085,Chinese and White - ethnic category 2001 census,1,Mixed - White Asian,2,,,,,,,,,,,,,,,,
9.76751E+14,1456,Mixed multiple ethnic groups: White and Asian - England and Wales ethnic category 2011 census,1,Mixed - White Asian,2,,,,,,,,,,,,,,,,
9.77431E+14,1177,Mixed multiple ethnic groups: White and Asian - Northern Ireland ethnic category 2011 census,1,Mixed - White Asian,2,,,,,,,,,,,,,,,,
9.2421E+13,86509,White and Black Caribbean - ethnic category 2001 census,1,Mixed- White Caribbean,2,,,,,,,,,,,,,,,,
315634007,10983,Black Caribbean and White,1,Mixed- White Caribbean,2,,,,,,,,,,,,,,,,
9.76711E+14,1995,Mixed multiple ethnic groups: White and Black Caribbean - England and Wales ethnic category 2011 census,1,Mixed- White Caribbean,2,,,,,,,,,,,,,,,,
9.77391E+14,1576,Mixed multiple ethnic groups: White and Black Caribbean - Northern Ireland ethnic category 2011 census,1,Mixed- White Caribbean,2,,,,,,,,,,,,,,,,
9.2471E+13,115571,Bangladeshi or British Bangladeshi - ethnic category 2001 census,1,Bangladeshi,3,,,,,,,,,,,,,,,,
186003008,26498,Bangladeshi,1,Bangladeshi,3,,,,,,,,,,,,,,,,
9.76831E+14,1654,Asian or Asian British: Bangladeshi - England and Wales ethnic category 2011 census,1,Bangladeshi,3,,,,,,,,,,,,,,,,
9.77731E+14,451,Asian or Asian British: Bangladeshi - Northern Ireland ethnic category 2011 census,1,Bangladeshi,3,,,,,,,,,,,,,,,,
9.78171E+14,139,"Asian or Asian Scottish or Asian British: Bangladeshi, Bangladeshi Scottish or Bangladeshi British - Scotland ethnic category 2011 census",1,Bangladeshi,3,,,,,,,,,,,,,,,,
1.10751E+14,689158,Indian or British Indian - ethnic category 2001 census,1,Indian,3,,,,,,,,,,,,,,,,
9.76791E+14,14651,Asian or Asian British: Indian - England and Wales ethnic category 2011 census,1,Indian,3,,,,,,,,,,,,,,,,
9.2641E+13,5006,Punjabi - ethnic category 2001 census,1,Indian,3,,,,,,,,,,,,,,,,
9.77591E+14,4538,Asian or Asian British: Indian - Northern Ireland ethnic category 2011 census,1,Indian,3,,,,,,,,,,,,,,,,
9.4141E+13,3035,Sikh - ethnic category 2001 census,1,Indian,3,,,,,,,,,,,,,,,,
1.10831E+14,3024,Hindu - ethnic category 2001 census,1,Indian,3,,,,,,,,,,,,,,,,
9.2671E+13,2505,Tamil - ethnic category 2001 census,1,Indian,3,,,,,,,,,,,,,,,,
9.78111E+14,1205,"Asian or Asian Scottish or Asian British: Indian, Indian Scottish or Indian British - Scotland ethnic category 2011 census",1,Indian,3,,,,,,,,,,,,,,,,
9.2481E+13,274656,Other Asian background - ethnic category 2001 census,1,Other Asian,3,,,,,,,,,,,,,,,,
315280000,71280,Asian - ethnic group,1,Other Asian,3,,,,,,,,,,,,,,,,
315281001,52535,Other Asian ethnic group,1,Other Asian,3,,,,,,,,,,,,,,,,
8.6461E+13,25250,Sri Lankan - ethnic category 2001 census,1,Other Asian,3,,,,,,,,,,,,,,,,
9.2701E+13,14175,Other Asian or Asian unspecified - ethnic category 2001 census,1,Other Asian,3,,,,,,,,,,,,,,,,
9.2771E+13,13800,Filipino - ethnic category 2001 census,1,Other Asian,3,,,,,,,,,,,,,,,,
9.2761E+13,6158,Japanese - ethnic category 2001 census,1,Other Asian,3,,,,,,,,,,,,,,,,
186013000,5630,Other Asian (NMO),1,Other Asian,3,,,,,,,,,,,,,,,,
7.18131E+14,4766,Nepali,1,Other Asian,3,,,,,,,,,,,,,,,,
9.2751E+13,4028,Vietnamese - ethnic category 2001 census,1,Other Asian,3,,,,,,,,,,,,,,,,
9.76871E+14,3506,Asian or Asian British: any other Asian background - England and Wales ethnic category 2011 census,1,Other Asian,3,,,,,,,,,,,,,,,,
9.2631E+13,3246,Mixed Asian - ethnic category 2001 census,1,Other Asian,3,,,,,,,,,,,,,,,,
9.2781E+13,3186,Malaysian - ethnic category 2001 census,1,Other Asian,3,,,,,,,,,,,,,,,,
312859007,1886,Vietnamese,1,Other Asian,3,,,,,,,,,,,,,,,,
9.2661E+13,1668,East African Asian - ethnic category 2001 census,1,Other Asian,3,,,,,,,,,,,,,,,,
38361009,1103,Koreans,1,Other Asian,3,,,,,,,,,,,,,,,,
186044009,1017,South East Asian,1,Other Asian,3,,,,,,,,,,,,,,,,
185996002,771,Black - other Asian,1,Other Asian,3,,,,,,,,,,,,,,,,
186012005,750,Indian sub-continent (NMO),1,Other Asian,3,,,,,,,,,,,,,,,,
9.77771E+14,670,Asian or Asian British: any other Asian background - Northern Ireland ethnic category 2011 census,1,Other Asian,3,,,,,,,,,,,,,,,,
69865008,464,Fijian,1,Other Asian,3,,,,,,,,,,,,,,,,
414551003,305,Japanese,1,Other Asian,3,,,,,,,,,,,,,,,,
1.10781E+14,290,Sinhalese - ethnic category 2001 census,1,Other Asian,3,,,,,,,,,,,,,,,,
275596000,269,East African Asian (NMO),1,Other Asian,3,,,,,,,,,,,,,,,,
9.78211E+14,221,Asian or Asian Scottish or Asian British: any other Asian group - Scotland ethnic category 2011 census,1,Other Asian,3,,,,,,,,,,,,,,,,
414978006,159,Oriental,1,Other Asian,3,erm.,,,,,,,,,,,,,,,
275589002,158,Black East African Asian,1,Other Asian,3,,,,,,,,,,,,,,,,
9.2461E+13,505274,Pakistani or British Pakistani - ethnic category 2001 census,1,Pakistani,3,,,,,,,,,,,,,,,,
186002003,92518,Pakistani,1,Pakistani,3,,,,,,,,,,,,,,,,
9.76811E+14,5036,Asian or Asian British: Pakistani - England and Wales ethnic category 2011 census,1,Pakistani,3,,,,,,,,,,,,,,,,
9.77711E+14,2015,Asian or Asian British: Pakistani - Northern Ireland ethnic category 2011 census,1,Pakistani,3,,,,,,,,,,,,,,,,
9.2651E+13,930,Kashmiri - ethnic category 2001 census,1,Pakistani,3,*obviously fraught!,,,,,,,,,,,,,,,
9.78071E+14,798,"Asian or Asian Scottish or Asian British: Pakistani, Pakistani Scottish or Pakistani British - Scotland ethnic category 2011 census",1,Pakistani,3,,,,,,,,,,,,,,,,
9.2491E+13,333841,African - ethnic category 2001 census,1,African,4,,,,,,,,,,,,,,,,
18167009,118629,Black African,1,African,4,,,,,,,,,,,,,,,,
9.2711E+13,16378,Somali - ethnic category 2001 census,1,African,4,*Somalia is in the Arab league but not strictly an Arab country https://rethinkingschools.org/special-collections/facts-about-arabs-2/,,,,,,,,,,,,,,,
9.2731E+13,9685,Nigerian - ethnic category 2001 census,1,African,4,,,,,,,,,,,,,,,,
186010002,1174,Other African countries (NMO),1,African,4,,,,,,,,,,,,,,,,
9.78231E+14,463,"African: African, African Scottish or African British - Scotland ethnic category 2011 census",1,African,4,,,,,,,,,,,,,,,,
9.77791E+14,401,Black or African or Caribbean or Black British: African - Northern Ireland ethnic category 2011 census,1,African,4,,,,,,,,,,,,,,,,
275586009,245,Black North African,1,African,4,,,,,,,,,,,,,,,,
9.78251E+14,136,African: any other African - Scotland ethnic category 2011 census,1,African,4,,,,,,,,,,,,,,,,
9.4061E+13,4556,North African - ethnic category 2001 census,1,African,4,,,,,,,,,,,,,,,,
1.07691E+14,105283,Caribbean - ethnic category 2001 census,1,Caribbean,4,,,,,,,,,,,,,,,,
185988007,29448,Black Caribbean,1,Caribbean,4,,,,,,,,,,,,,,,,
270460000,3975,Black Caribbean/West India/Guyana,1,Caribbean,4,,,,,,,,,,,,,,,,
9.2691E+13,485,Caribbean Asian - ethnic category 2001 census,1,Caribbean,4,*or asian?,,,,,,,,,,,,,,,
309643000,457,Black West Indian,1,Caribbean,4,,,,,,,,,,,,,,,,
275592003,288,West Indian (NMO),1,Caribbean,4,*does this mean west indies?,,,,,,,,,,,,,,,
275591005,249,Caribbean Island (NMO),1,Caribbean,4,,,,,,,,,,,,,,,,
9.77811E+14,229,Black or African or Caribbean or Black British: Caribbean - Northern Ireland ethnic category 2011 census,1,Caribbean,4,,,,,,,,,,,,,,,,
270463003,146,Caribbean I./W.I./Guyana (NMO),1,Caribbean,4,,,,,,,,,,,,,,,,
9.78271E+14,112,"Caribbean or Black: Caribbean, Caribbean Scottish or Caribbean British - Scotland ethnic category 2011 census",1,Caribbean,4,,,,,,,,,,,,,,,,
309644006,93,Black Guyana,1,Caribbean,4,,,,,,,,,,,,,,,,
275593008,78,Guyana (NMO),1,Caribbean,4,,,,,,,,,,,,,,,,
160531006,74,Race: West indian,1,Caribbean,4,,,,,,,,,,,,,,,,
9.2501E+13,47616,Other Black background - ethnic category 2001 census,1,Other Black,4,,,,,,,,,,,,,,,,
1.10791E+14,26393,Black British - ethnic category 2001 census,1,Other Black,4,,,,,,,,,,,,,,,,
185990008,15377,Black British,1,Other Black,4,,,,,,,,,,,,,,,,
315240009,15035,Black - ethnic group,1,Other Black,4,,,,,,,,,,,,,,,,
315279003,7722,Other black ethnic group,1,Other Black,4,,,,,,,,,,,,,,,,
9.2741E+13,4692,Other Black or Black unspecified - ethnic category 2001 census,1,Other Black,4,,,,,,,,,,,,,,,,
185998001,3979,"Black - other, mixed",1,Other Black,4,,,,,,,,,,,,,,,,
9.76891E+14,3187,Black or African or Caribbean or Black British: African - England and Wales ethnic category 2011 census,1,Other Black,4,,,,,,,,,,,,,,,,
185989004,2611,"Black, other, non-mixed origin",1,Other Black,4,,,,,,,,,,,,,,,,
9.2721E+13,2188,Mixed Black - ethnic category 2001 census,1,Other Black,4,,,,,,,,,,,,,,,,
9.76931E+14,1893,Black or African or Caribbean or Black British: other Black or African or Caribbean background - England and Wales ethnic category 2011 census,1,Other Black,4,,,,,,,,,,,,,,,,
9.76911E+14,1810,Black or African or Caribbean or Black British: Caribbean - England and Wales ethnic category 2011 census,1,Other Black,4,,,,,,,,,,,,,,,,
185999009,1785,Other Black - Black/White orig,1,Other Black,4,,,,,,,,,,,,,,,,
413465009,1322,Afro-Caribbean,1,Other Black,4,,,,,,,,,,,,,,,,
185993005,1278,Black - other African country,1,Other Black,4,,,,,,,,,,,,,,,,
186020007,967,"Other ethnic, Black/White origin",1,Other Black,4,,,,,,,,,,,,,,,,
186000006,533,Other Black - Black/Asian orig,1,Other Black,4,,,,,,,,,,,,,,,,
9.77831E+14,396,Black or African or Caribbean or Black British: other Black or African or Caribbean background - Northern Ireland ethnic category 2011 census,1,Other Black,4,,,,,,,,,,,,,,,,
185995003,292,Black Indian sub-continent,1,Other Black,4,,,,,,,,,,,,,,,,
270462008,241,Black East African Asian/Indo-Caribbean,1,Other Black,4,,,,,,,,,,,,,,,,
270465005,99,E Afric Asian/Indo-Carib (NMO),1,Other Black,4,,,,,,,,,,,,,,,,
275588005,94,Black Iranian,1,Other Black,4,,,,,,,,,,,,,,,,
9.78341E+14,90,"Caribbean or Black: Black, Black Scottish or Black British - Scotland ethnic category 2011 census",1,Other Black,4,,,,,,,,,,,,,,,,
9.78361E+14,89,Caribbean or Black: any other Black or Caribbean group - Scotland ethnic category 2011 census,1,Other Black,4,,,,,,,,,,,,,,,,
413466005,81,Afro-Caucasian,1,Other Black,4,,,,,,,,,,,,,,,,
275597009,63,Indo-Caribbean (NMO),1,Other Black,4,*or other Asian,,,,,,,,,,,,,,,
275590006,47,Black Indo-Caribbean,1,Other Black,4,,,,,,,,,,,,,,,,
8.9001E+13,44920,Arab - ethnic category 2001 census,1,Arab,5,,,,,,,,,,,,,,,,
9.4101E+13,3416,Moroccan - ethnic category 2001 census,1,Arab,5,,,,,,,,,,,,,,,,
90027003,2527,Arabs,1,Arab,5,,,,,,,,,,,,,,,,
270464009,1598,N African Arab/Iranian (NMO),1,Arab,5,,,,,,,,,,,,,,,,
275594002,1475,North African Arab (NMO),1,Arab,5,,,,,,,,,,,,,,,,
9.76951E+14,810,Other ethnic group: Arab - England and Wales ethnic category 2011 census,1,Arab,5,,,,,,,,,,,,,,,,
270461001,575,Black N African/Arab/Iranian,1,Arab,5,,,,,,,,,,,,,,,,
2.96841E+14,526,Yemeni,1,Arab,5,,,,,,,,,,,,,,,,
275587000,409,Black Arab,1,Arab,5,,,,,,,,,,,,,,,,
9.78381E+14,195,"Other ethnic group: Arab, Arab Scottish or Arab British - Scotland ethnic category 2011 census",1,Arab,5,,,,,,,,,,,,,,,,
9.77851E+14,107,Other ethnic group: Arab - Northern Ireland ethnic category 2011 census,1,Arab,5,,,,,,,,,,,,,,,,
9.2511E+13,162157,Chinese - ethnic category 2001 census,1,Chinese,5,,,,,,,,,,,,,,,,
33897005,39802,Chinese,1,Chinese,5,,,,,,,,,,,,,,,,
9.2611E+13,4258,Asian and Chinese - ethnic category 2001 census,1,Chinese,5,,,,,,,,,,,,,,,,
9.76851E+14,1168,Asian or Asian British: Chinese - England and Wales ethnic category 2011 census,1,Chinese,5,,,,,,,,,,,,,,,,
9.77751E+14,128,Asian or Asian British: Chinese - Northern Ireland ethnic category 2011 census,1,Chinese,5,,,,,,,,,,,,,,,,
9.78191E+14,37,Asian or Asian Scottish or Asian British: Chinese - Scotland ethnic category 2011 census,1,Chinese,5,,,,,,,,,,,,,,,,
9.2521E+13,217997,Other - ethnic category 2001 census,1,Other,5,,,,,,,,,,,,,,,,
9.4151E+13,38201,Any other group - ethnic category 2001 census,1,Other,5,,,,,,,,,,,,,,,,
186005001,13788,Other ethnic non-mixed (NMO),1,Other,5,,,,,,,,,,,,,,,,
8.9031E+13,6556,Muslim - ethnic category 2001 census,1,Unknown,6,,,,,,,,,,,,,,,,
9.4121E+13,2065,Multi-ethnic islands: Mauritian or Seychellois or Maldivian or St Helena - ethnic category 2001 census,1,Other,5,,,,,,,,,,,,,,,,
186039002,70,New Zealand Maori,1,Other,5,,,,,,,,,,,,,,,,
9.78401E+14,56,Other ethnic group: any other ethnic group - Scotland ethnic category 2011 census,1,Other,5,,,,,,,,,,,,,,,,
81560001,28,Tongan,1,Other,5,,,,,,,,,,,,,,,,
186040000,18,Cook Island Maori,1,Other,5,,,,,,,,,,,,,,,,
186042008,4,Tokelauan,1,Other,5,,,,,,,,,,,,,,,,
186041001,1,Niuean,1,Other,5,,,,,,,,,,,,,,,,
9.76971E+14,3650,Other ethnic group: any other ethnic group - England and Wales ethnic category 2011 census,1,Other ,5,,,,,,,,,,,,,,,,
9.77871E+14,135,Other ethnic group: any other ethnic group - Northern Ireland ethnic category 2011 census,1,Other ,5,,,,,,,,,,,,,,,,
86275006,45,Samoan,1,Other ,5,,,,,,,,,,,,,,,,
9.2531E+13,329148,Ethnic category not stated - 2001 census,1,Unknown,6,,,,,,,,,,,,,,,,
9.4041E+13,143191,Other White European or European unspecified or Mixed European - ethnic category 2001 census,1,Unknown,6,,,,,,,,,,,,,,,,
9.2381E+13,138718,Ethnic category - 2001 census,1,Unknown,6,,,,,,,,,,,,,,,,
372148003,73444,Ethnic group,1,Unknown,6,,,,,,,,,,,,,,,,
397731000,69220,Ethnic group finding,1,Unknown,6,,,,,,,,,,,,,,,,
763726001,68191,Refusal by patient to provide information about ethnic group,1,Unknown,6,,,,,,,,,,,,,,,,
186034007,36128,Ethnicity / related nationality data,1,Unknown,6,,,,,,,,,,,,,,,,
312861003,34741,Ethnic group not recorded,1,Unknown,6,,,,,,,,,,,,,,,,
2.02171E+14,30993,Patient ethnicity unknown,1,Unknown,6,,,,,,,,,,,,,,,,
162730000,14027,On examination - ethnic group,1,Unknown,6,,,,,,,,,,,,,,,,
9.76571E+14,7612,Ethnic category - 2011 census England and Wales,1,Unknown,6,,,,,,,,,,,,,,,,
9.76551E+14,4745,Ethnic category - 2011 census,1,Unknown,6,,,,,,,,,,,,,,,,
186007009,605,British ethnic minority unspecified (NMO),1,Unknown,6,,,,,,,,,,,,,,,,
186035008,524,New Zealand ethnic groups,1,Unknown,6,,,,,,,,,,,,,,,,
162731001,482,On examination - Europeanoid,1,Unknown,6,erm,,,,,,,,,,,,,,,
186006000,390,British ethnic minority specified (NMO),1,Unknown,6,,,,,,,,,,,,,,,,
9.4131E+13,250,Buddhist - ethnic category 2001 census,1,Unknown,6,"*religions are unknown ethnicities I would guess…(though on balance, other asian I would guess)",,,,,,,,,,,,,,,
443225003,109,Ethnicity of caregiver,1,Unknown,6,*remove from list,,,,,,,,,,,,,,,
9.76611E+14,95,Ethnic category - 2011 census Scotland,1,Unknown,6,,,,,,,,,,,,,,,,
9.76591E+14,36,Ethnic category - 2011 census Northern Ireland,1,Unknown,6,,,,,,,,,,,,,,,,
162732008,10,On examination - Negroid,1,remove,,,,,,,,,,,,,,,,,
268914005,5,On examination - Mongoloid origin,1,remove,,,,,,,,,,,,,,,,,
7.28721E+14,5,Carer from Black and minority ethnic group,1,remove,,,,,,,,,,,,,,,,,
162734009,4,On examination - Australoid,1,remove,,,,,,,,,,,,,,,,,
10008004,0,Ewe,0,,,,,,,,,,,,,,,,,,
10117001,0,Finns,0,,,,,,,,,,,,,,,,,,
1.0247E+15,0,Ethnicity not stated,0,,,,,,,,,,,,,,,,,,
10292001,0,Guamians,0,,,,,,,,,,,,,,,,,,
1.03621E+15,0,Slovak Roma,0,,,,,,,,,,,,,,,,,,
1.03625E+15,0,Czech Roma,0,,,,,,,,,,,,,,,,,,
1.03628E+15,0,Hungarian Roma,0,,,,,,,,,,,,,,,,,,
1.0363E+15,0,Polish Roma,0,,,,,,,,,,,,,,,,,,
1.03632E+15,0,Romanian Roma,0,,,,,,,,,,,,,,,,,,
1.03634E+15,0,Roma,0,,,,,,,,,,,,,,,,,,
1.03636E+15,0,Bulgarian Roma,0,,,,,,,,,,,,,,,,,,
10432001,0,Onge,0,,,,,,,,,,,,,,,,,,
108342005,0,South Asian AND/OR Australian aborigine,0,,,,,,,,,,,,,,,,,,
113169009,0,Armenians,0,,,,,,,,,,,,,,,,,,
113170005,0,Aymara,0,,,,,,,,,,,,,,,,,,
113171009,0,Coushatta,0,,,,,,,,,,,,,,,,,,
11794009,0,Kenyans,0,,,,,,,,,,,,,,,,,,
12556008,0,Tamils,0,,,,,,,,,,,,,,,,,,
13233008,0,Flathead,0,,,,,,,,,,,,,,,,,,
1340002,0,Malays,0,,,,,,,,,,,,,,,,,,
13440006,0,Tanganyikans,0,,,,,,,,,,,,,,,,,,
139955009,0,O/E - ethnic group,0,,,,,,,,,,,,,,,,,,
139960008,0,O/E - ethnic group NOS,0,,,,,,,,,,,,,,,,,,
14045001,0,Caucasian,0,,,,,,,,,,,,,,,,,,
14176005,0,Danes,0,,,,,,,,,,,,,,,,,,
14470009,0,Tutsi,0,,,,,,,,,,,,,,,,,,
1451003,0,Greeks,0,,,,,,,,,,,,,,,,,,
14999008,0,Welsh,0,,,,,,,,,,,,,,,,,,
15086000,0,African American,0,,,,,,,,,,,,,,,,,,
154159009,0,Ethnic groups (census),0,,,,,,,,,,,,,,,,,,
154160004,0,White - ethnic group,0,,,,,,,,,,,,,,,,,,
154161000,0,White British,0,,,,,,,,,,,,,,,,,,
154162007,0,White Irish,0,,,,,,,,,,,,,,,,,,
154163002,0,Other white ethnic group,0,,,,,,,,,,,,,,,,,,
154164008,0,Black Caribbean,0,,,,,,,,,,,,,,,,,,
154165009,0,Black African,0,,,,,,,,,,,,,,,,,,
154166005,0,"Black, other, non-mixed origin",0,,,,,,,,,,,,,,,,,,
154167001,0,Black British,0,,,,,,,,,,,,,,,,,,
154168006,0,Black Caribbean &/or W.I. &/or Guyana,0,,,,,,,,,,,,,,,,,,
154169003,0,Black N African &/or Arab &/or Iranian,0,,,,,,,,,,,,,,,,,,
154170002,0,Black - other African country,0,,,,,,,,,,,,,,,,,,
154171003,0,Black E Afric Asia &/or Indo-Caribb,0,,,,,,,,,,,,,,,,,,
154172005,0,Black Indian sub-continent,0,,,,,,,,,,,,,,,,,,
154173000,0,Black - other Asian,0,,,,,,,,,,,,,,,,,,
154174006,0,Black Black - other,0,,,,,,,,,,,,,,,,,,
154175007,0,"Black - other, mixed",0,,,,,,,,,,,,,,,,,,
154176008,0,Other Black - Black/White orig,0,,,,,,,,,,,,,,,,,,
154177004,0,Other Black - Black/Asian orig,0,,,,,,,,,,,,,,,,,,
154178009,0,Indian,0,,,,,,,,,,,,,,,,,,
154179001,0,Pakistani,0,,,,,,,,,,,,,,,,,,
154180003,0,Bangladeshi,0,,,,,,,,,,,,,,,,,,
154181004,0,Chinese,0,,,,,,,,,,,,,,,,,,
154182006,0,Other ethnic non-mixed (NMO),0,,,,,,,,,,,,,,,,,,
154183001,0,Brit. ethnic minor. spec.(NMO),0,,,,,,,,,,,,,,,,,,
154184007,0,Brit. ethnic minor. unsp (NMO),0,,,,,,,,,,,,,,,,,,
154185008,0,Caribbean I. &/or W.I. &/or Guyana (NMO),0,,,,,,,,,,,,,,,,,,
154186009,0,N African Arab &/or Iranian (NMO),0,,,,,,,,,,,,,,,,,,
154187000,0,Other African countries (NMO),0,,,,,,,,,,,,,,,,,,
154188005,0,E Afric Asian &/or Indo-Carib (NMO),0,,,,,,,,,,,,,,,,,,
154189002,0,Indian sub-continent (NMO),0,,,,,,,,,,,,,,,,,,
154190006,0,Other Asian (NMO),0,,,,,,,,,,,,,,,,,,
154191005,0,Irish (NMO),0,,,,,,,,,,,,,,,,,,
154192003,0,Greek &/or Greek Cypriot (NMO),0,,,,,,,,,,,,,,,,,,
154193008,0,Turkish &/or Turkish Cypriot (NMO),0,,,,,,,,,,,,,,,,,,
154194002,0,Other European (NMO),0,,,,,,,,,,,,,,,,,,
154195001,0,Other ethnic NEC (NMO),0,,,,,,,,,,,,,,,,,,
154196000,0,"Other ethnic, mixed origin",0,,,,,,,,,,,,,,,,,,
154197009,0,"Other ethnic, Black/White orig",0,,,,,,,,,,,,,,,,,,
154198004,0,"Other ethnic, Asian/White orig",0,,,,,,,,,,,,,,,,,,
154199007,0,"Other ethnic, mixed white orig",0,,,,,,,,,,,,,,,,,,
154200005,0,"Other ethnic, other mixed orig",0,,,,,,,,,,,,,,,,,,
154201009,0,Black Caribbean and White,0,,,,,,,,,,,,,,,,,,
154202002,0,Black African and White,0,,,,,,,,,,,,,,,,,,
154203007,0,Vietnamese,0,,,,,,,,,,,,,,,,,,
154204001,0,Ethnic group not given - patient refused,0,,,,,,,,,,,,,,,,,,
154205000,0,Ethnic group not recorded,0,,,,,,,,,,,,,,,,,,
154206004,0,Other black ethnic group,0,,,,,,,,,,,,,,,,,,
154207008,0,Other Asian ethnic group,0,,,,,,,,,,,,,,,,,,
154208003,0,Irish traveller,0,,,,,,,,,,,,,,,,,,
154209006,0,Other ethnic group,0,,,,,,,,,,,,,,,,,,
154210001,0,Ethnic groups (census) NOS,0,,,,,,,,,,,,,,,,,,
154211002,0,Ethnicity and other related nationality data,0,,,,,,,,,,,,,,,,,,
154212009,0,New Zealand ethnic groups,0,,,,,,,,,,,,,,,,,,
154213004,0,New Zealand European,0,,,,,,,,,,,,,,,,,,
154214005,0,Other European in New Zealand,0,,,,,,,,,,,,,,,,,,
154215006,0,New Zealand Maori,0,,,,,,,,,,,,,,,,,,
154216007,0,Samoan,0,,,,,,,,,,,,,,,,,,
154217003,0,Cook Island Maori,0,,,,,,,,,,,,,,,,,,
154218008,0,Tongan,0,,,,,,,,,,,,,,,,,,
154219000,0,Niuean,0,,,,,,,,,,,,,,,,,,
154220006,0,Tokelauan,0,,,,,,,,,,,,,,,,,,
154221005,0,Fijian,0,,,,,,,,,,,,,,,,,,
154222003,0,Other Pacific ethnic group,0,,,,,,,,,,,,,,,,,,
154223008,0,South East Asian,0,,,,,,,,,,,,,,,,,,
154224002,0,Chinese,0,,,,,,,,,,,,,,,,,,
154225001,0,Indian,0,,,,,,,,,,,,,,,,,,
154226000,0,Other Asian,0,,,,,,,,,,,,,,,,,,
154227009,0,Other New Zealand ethnic group,0,,,,,,,,,,,,,,,,,,
154229007,0,New Zealand ethnic group NOS,0,,,,,,,,,,,,,,,,,,
15801006,0,Kapingas,0,,,,,,,,,,,,,,,,,,
162735005,0,On examination - ethnic group NOS,0,,,,,,,,,,,,,,,,,,
17095009,0,Norwegians,0,,,,,,,,,,,,,,,,,,
17789004,0,Papuans,0,,,,,,,,,,,,,,,,,,
18575005,0,Oceanian,0,,,,,,,,,,,,,,,,,,
18583004,0,Estonians,0,,,,,,,,,,,,,,,,,,
185983003,0,Ethnic group (1991 census) (United Kingdom),0,,,,,,,,,,,,,,,,,,
185985005,0,White British,0,,,,,,,,,,,,,,,,,,
185986006,0,White Irish,0,,,,,,,,,,,,,,,,,,
185987002,0,Other white ethnic group,0,,,,,,,,,,,,,,,,,,
185991007,0,Black Caribbean &/or W.I. &/or Guyana,0,,,,,,,,,,,,,,,,,,
185992000,0,Black N African &/or Arab &/or Iranian,0,,,,,,,,,,,,,,,,,,
185994004,0,Black E Afric Asia &/or Indo-Caribb,0,,,,,,,,,,,,,,,,,,
185997006,0,Black Black - other,0,,,,,,,,,,,,,,,,,,
186001005,0,Indian (East Indian),0,,,,,,,,,,,,,,,,,,
186004002,0,Chinese,0,,,,,,,,,,,,,,,,,,
186008004,0,Caribbean I. &/or W.I. &/or Guyana (NMO),0,,,,,,,,,,,,,,,,,,
186009007,0,N African Arab &/or Iranian (NMO),0,,,,,,,,,,,,,,,,,,
186011003,0,E Afric Asian &/or Indo-Carib (NMO),0,,,,,,,,,,,,,,,,,,
186015007,0,Greek &/or Greek Cypriot (NMO),0,,,,,,,,,,,,,,,,,,
186016008,0,Turkish &/or Turkish Cypriot (NMO),0,,,,,,,,,,,,,,,,,,
186018009,0,Other ethnic NEC (NMO),0,,,,,,,,,,,,,,,,,,
186024003,0,Black Caribbean and White,0,,,,,,,,,,,,,,,,,,
186025002,0,Black African and White,0,,,,,,,,,,,,,,,,,,
186026001,0,Vietnamese,0,,,,,,,,,,,,,,,,,,
186027005,0,Ethnic group not given - patient refused,0,,,,,,,,,,,,,,,,,,
186028000,0,Ethnic group not recorded,0,,,,,,,,,,,,,,,,,,
186029008,0,Other black ethnic group,0,,,,,,,,,,,,,,,,,,
186030003,0,Other Asian ethnic group,0,,,,,,,,,,,,,,,,,,
186031004,0,Irish traveller,0,,,,,,,,,,,,,,,,,,
186032006,0,Other ethnic group,0,,,,,,,,,,,,,,,,,,
186033001,0,Ethnic groups (census) NOS,0,,,,,,,,,,,,,,,,,,
186043003,0,Other Pacific ethnic group,0,,,,,,,,,,,,,,,,,,
186045005,0,Indian,0,,,,,,,,,,,,,,,,,,
186046006,0,Other Asian,0,,,,,,,,,,,,,,,,,,
186047002,0,Other New Zealand ethnic group,0,,,,,,,,,,,,,,,,,,
186048007,0,New Zealand ethnic group NOS,0,,,,,,,,,,,,,,,,,,
18664001,0,Xavante,0,,,,,,,,,,,,,,,,,,
19085009,0,Saipanese,0,,,,,,,,,,,,,,,,,,
1919006,0,Egyptians,0,,,,,,,,,,,,,,,,,,
19434008,0,French,0,,,,,,,,,,,,,,,,,,
20140003,0,Hawaiians,0,,,,,,,,,,,,,,,,,,
20291009,0,Lacandon,0,,,,,,,,,,,,,,,,,,
20449009,0,Javanese,0,,,,,,,,,,,,,,,,,,
2.07971E+14,0,Patient ethnicity unknown,0,,,,,,,,,,,,,,,,,,
2.07981E+14,0,Patient ethnicity unknown,0,,,,,,,,,,,,,,,,,,
21047009,0,Aleuts,0,,,,,,,,,,,,,,,,,,
21868006,0,Madagascans,0,,,,,,,,,,,,,,,,,,
21993009,0,Indonesians,0,,,,,,,,,,,,,,,,,,
22007004,0,Shoshone,0,,,,,,,,,,,,,,,,,,
23517005,0,Polynesians,0,,,,,,,,,,,,,,,,,,
23534002,0,Melanesians,0,,,,,,,,,,,,,,,,,,
23922002,0,Batutsi,0,,,,,,,,,,,,,,,,,,
24812003,0,Mongol,0,,,,,,,,,,,,,,,,,,
25750005,0,Admiralty Islanders,0,,,,,,,,,,,,,,,,,,
25804004,0,English,0,,,,,,,,,,,,,,,,,,
26215007,0,South Asian Aborigine,0,,,,,,,,,,,,,,,,,,
2688009,0,Tristan da Cunhans,0,,,,,,,,,,,,,,,,,,
2720008,0,Hututu,0,,,,,,,,,,,,,,,,,,
27301002,0,Paez,0,,,,,,,,,,,,,,,,,,
27683006,0,Ainu,0,,,,,,,,,,,,,,,,,,
27700004,0,Iraqi,0,,,,,,,,,,,,,,,,,,
28409002,0,Spaniards,0,,,,,,,,,,,,,,,,,,
2852001,0,Bhutanese,0,,,,,,,,,,,,,,,,,,
28562006,0,Poles,0,,,,,,,,,,,,,,,,,,
28796001,0,Siamese,0,,,,,,,,,,,,,,,,,,
28821007,0,Easter Islanders,0,,,,,,,,,,,,,,,,,,
312860002,0,Ethnic group not given - patient refused,0,,,,,,,,,,,,,,,,,,
315238004,0,Other white ethnic group,0,,,,,,,,,,,,,,,,,,
315282008,0,Other ethnic group,0,,,,,,,,,,,,,,,,,,
31637002,0,Italians,0,,,,,,,,,,,,,,,,,,
32045009,0,Georgians,0,,,,,,,,,,,,,,,,,,
32513008,0,Dyaks,0,,,,,,,,,,,,,,,,,,
32873005,0,Bloods,0,,,,,,,,,,,,,,,,,,
33182009,0,Trukese,0,,,,,,,,,,,,,,,,,,
3353005,0,Pueblo,0,,,,,,,,,,,,,,,,,,
34334001,0,New Caledonians,0,,,,,,,,,,,,,,,,,,
35007000,0,Utes,0,,,,,,,,,,,,,,,,,,
3.54441E+14,0,Ethnicity - National Public Health Classification,0,,,,,,,,,,,,,,,,,,
364699009,0,Ethnic group,0,,,,,,,,,,,,,,,,,,
365455004,0,Ethnic groups (1991 census) (United Kingdom),0,,,,,,,,,,,,,,,,,,
365456003,0,Finding of ethnicity / related nationality data,0,,,,,,,,,,,,,,,,,,
367505005,0,Caucasian (living organism),0,,,,,,,,,,,,,,,,,,
3698008,0,Micronesians,0,,,,,,,,,,,,,,,,,,
37474002,0,Ghanaians,0,,,,,,,,,,,,,,,,,,
37843006,0,Fulani,0,,,,,,,,,,,,,,,,,,
38144004,0,Athabascans,0,,,,,,,,,,,,,,,,,,
3818007,0,Senegalese,0,,,,,,,,,,,,,,,,,,
38750003,0,Bororo,0,,,,,,,,,,,,,,,,,,
39007007,0,Black Jews,0,,,,,,,,,,,,,,,,,,
393199009,0,Gypsies,0,,,,,,,,,,,,,,,,,,
394149000,0,Gypsies,0,,,,,,,,,,,,,,,,,,
394635008,0,Gypsies,0,,,,,,,,,,,,,,,,,,
397607002,0,"Perioperative plan of care consistent with patient value system, lifestyle, ethnicity, and culture",0,,,,,,,,,,,,,,,,,,
39764005,0,Bantu,0,,,,,,,,,,,,,,,,,,
398089004,0,Ethnic background,0,,,,,,,,,,,,,,,,,,
40165009,0,Buriats,0,,,,,,,,,,,,,,,,,,
4073004,0,Palauans,0,,,,,,,,,,,,,,,,,,
41076003,0,Mozambiquans,0,,,,,,,,,,,,,,,,,,
4.1121E+13,0,Other white British ethnic group,0,,,,,,,,,,,,,,,,,,
413569000,0,Arab,0,,,,,,,,,,,,,,,,,,
414152003,0,European,0,,,,,,,,,,,,,,,,,,
414661004,0,Melanesian,0,,,,,,,,,,,,,,,,,,
41798002,0,Caroline Islanders,0,,,,,,,,,,,,,,,,,,
42632009,0,Andamanese,0,,,,,,,,,,,,,,,,,,
4299001,0,Marathas,0,,,,,,,,,,,,,,,,,,
43056000,0,Cuna,0,,,,,,,,,,,,,,,,,,
4.3481E+13,0,Other white British ethnic group,0,,,,,,,,,,,,,,,,,,
43608005,0,Australian Aborigines,0,,,,,,,,,,,,,,,,,,
43890005,0,Dieguenos,0,,,,,,,,,,,,,,,,,,
44460002,0,Turks,0,,,,,,,,,,,,,,,,,,
4.4881E+13,0,White Scottish,0,,,,,,,,,,,,,,,,,,
4.4891E+13,0,Other white British ethnic group,0,,,,,,,,,,,,,,,,,,
45465003,0,Basques,0,,,,,,,,,,,,,,,,,,
46110004,0,Somalis,0,,,,,,,,,,,,,,,,,,
46723002,0,Badagas,0,,,,,,,,,,,,,,,,,,
47250000,0,Bruneians,0,,,,,,,,,,,,,,,,,,
47327008,0,Mexican Indians,0,,,,,,,,,,,,,,,,,,
48118002,0,Yapese,0,,,,,,,,,,,,,,,,,,
48294008,0,Solomon Islanders,0,,,,,,,,,,,,,,,,,,
48375000,0,Seminole,0,,,,,,,,,,,,,,,,,,
48393004,0,Ethnic group finding,0,,,,,,,,,,,,,,,,,,
48679001,0,Bogobos,0,,,,,,,,,,,,,,,,,,
49202008,0,Gilbertese,0,,,,,,,,,,,,,,,,,,
5.03391E+14,0,Ethnicity of carer,0,,,,,,,,,,,,,,,,,,
5.03401E+14,0,Ethnicity of carer ,0,,,,,,,,,,,,,,,,,,
5.03411E+14,0,Ethnicity of carer ,0,,,,,,,,,,,,,,,,,,
50405005,0,Senoi,0,,,,,,,,,,,,,,,,,,
51750002,0,Hottentot,0,,,,,,,,,,,,,,,,,,
51827000,0,Oriental Jews,0,,,,,,,,,,,,,,,,,,
5.18701E+14,0,Romanian,0,,,,,,,,,,,,,,,,,,
5.18721E+14,0,Bulgarian,0,,,,,,,,,,,,,,,,,,
5.19681E+14,0,Czech,0,,,,,,,,,,,,,,,,,,
52075006,0,Congolese,0,,,,,,,,,,,,,,,,,,
53195006,0,Kirghiz,0,,,,,,,,,,,,,,,,,,
53460002,0,Serbs,0,,,,,,,,,,,,,,,,,,
55990000,0,Inca,0,,,,,,,,,,,,,,,,,,
56056003,0,Belgians,0,,,,,,,,,,,,,,,,,,
57405008,0,Chenchu,0,,,,,,,,,,,,,,,,,,
57539009,0,Navaho,0,,,,,,,,,,,,,,,,,,
58047002,0,Barundi,0,,,,,,,,,,,,,,,,,,
5.83481E+14,0,Other ethnic NEC (NMO),0,,,,,,,,,,,,,,,,,,
5.83491E+14,0,Ethnic groups (census) NOS,0,,,,,,,,,,,,,,,,,,
5.91311E+14,0,On examination - ethnic group NOS,0,,,,,,,,,,,,,,,,,,
5.92491E+14,0,Other New Zealand ethnic group,0,,,,,,,,,,,,,,,,,,
5.92501E+14,0,New Zealand ethnic group NOS,0,,,,,,,,,,,,,,,,,,
59366001,0,Ibo,0,,,,,,,,,,,,,,,,,,
59487007,0,Syrians,0,,,,,,,,,,,,,,,,,,
59597001,0,Marshallese,0,,,,,,,,,,,,,,,,,,
60157000,0,Ellice Islanders,0,,,,,,,,,,,,,,,,,,
62598008,0,Venezuelan Indians,0,,,,,,,,,,,,,,,,,,
63457007,0,Maya,0,,,,,,,,,,,,,,,,,,
6373008,0,Choco,0,,,,,,,,,,,,,,,,,,
63732001,0,New Hebrideans,0,,,,,,,,,,,,,,,,,,
63736003,0,Taiwanese,0,,,,,,,,,,,,,,,,,,
64483007,0,Indians (Hindi-speaking),0,,,,,,,,,,,,,,,,,,
64693008,0,Hungarian,0,,,,,,,,,,,,,,,,,,
6.51601E+14,0,Black Black - other,0,,,,,,,,,,,,,,,,,,
65776006,0,Blackfeet,0,,,,,,,,,,,,,,,,,,
6.61731E+14,0,Other Pacific ethnic group,0,,,,,,,,,,,,,,,,,,
6.61741E+14,0,Other Asian,0,,,,,,,,,,,,,,,,,,
66406004,0,Huasteco,0,,,,,,,,,,,,,,,,,,
6.66871E+14,0,Other ethnic group,0,,,,,,,,,,,,,,,,,,
6.68681E+14,0,Other white ethnic group,0,,,,,,,,,,,,,,,,,,
66920001,0,Amerind,0,,,,,,,,,,,,,,,,,,
67165000,0,Lapps,0,,,,,,,,,,,,,,,,,,
67439005,0,Msutu,0,,,,,,,,,,,,,,,,,,
67931002,0,Aztec,0,,,,,,,,,,,,,,,,,,
68486007,0,Austrians,0,,,,,,,,,,,,,,,,,,
69983001,0,Irani,0,,,,,,,,,,,,,,,,,,
704385002,0,Punjabi,0,,,,,,,,,,,,,,,,,,
704386001,0,Orang asli,0,,,,,,,,,,,,,,,,,,
704387005,0,Kadazan,0,,,,,,,,,,,,,,,,,,
704388000,0,Melanau,0,,,,,,,,,,,,,,,,,,
704389008,0,Murut,0,,,,,,,,,,,,,,,,,,
704390004,0,Bajau,0,,,,,,,,,,,,,,,,,,
704391000,0,Bidayuh,0,,,,,,,,,,,,,,,,,,
704392007,0,Iban,0,,,,,,,,,,,,,,,,,,
7.10011E+14,0,Slovak,0,,,,,,,,,,,,,,,,,,
71176007,0,Pygmies,0,,,,,,,,,,,,,,,,,,
7.18021E+14,0,Portuguese,0,,,,,,,,,,,,,,,,,,
71949006,0,Chippewa,0,,,,,,,,,,,,,,,,,,
72201005,0,Hobe,0,,,,,,,,,,,,,,,,,,
72248007,0,Kikuyu,0,,,,,,,,,,,,,,,,,,
72337002,0,Brazilian Indians,0,,,,,,,,,,,,,,,,,,
7.23621E+14,0,Ethnicity,0,,,,,,,,,,,,,,,,,,
72809004,0,Icelanders,0,,,,,,,,,,,,,,,,,,
7.28731E+14,0,Carer from Black and Minority Ethnic group ,0,,,,,,,,,,,,,,,,,,
733078003,0,Ukrainian,0,,,,,,,,,,,,,,,,,,
733446001,0,Canadian,0,,,,,,,,,,,,,,,,,,
735001008,0,Scandinavian,0,,,,,,,,,,,,,,,,,,
73524008,0,Caingang,0,,,,,,,,,,,,,,,,,,
73736004,0,Maori,0,,,,,,,,,,,,,,,,,,
74159009,0,Melanuans,0,,,,,,,,,,,,,,,,,,
74302004,0,Apache,0,,,,,,,,,,,,,,,,,,
75301003,0,Mapuche,0,,,,,,,,,,,,,,,,,,
75326007,0,Labradors,0,,,,,,,,,,,,,,,,,,
75704009,0,Toba,0,,,,,,,,,,,,,,,,,,
76253004,0,Zulu,0,,,,,,,,,,,,,,,,,,
76460008,0,Yanomama,0,,,,,,,,,,,,,,,,,,
76574004,0,Swiss,0,,,,,,,,,,,,,,,,,,
76768002,0,Filipinos,0,,,,,,,,,,,,,,,,,,
76775001,0,Ugandans,0,,,,,,,,,,,,,,,,,,
76883002,0,Huichol,0,,,,,,,,,,,,,,,,,,
7695005,0,Germans,0,,,,,,,,,,,,,,,,,,
77502007,0,Atacamenos,0,,,,,,,,,,,,,,,,,,
77686000,0,Kwakiutl,0,,,,,,,,,,,,,,,,,,
7.7711E+13,0,Other white British ethnic group,0,,,,,,,,,,,,,,,,,,
79434006,0,Quechua,0,,,,,,,,,,,,,,,,,,
80528001,0,Xosa,0,,,,,,,,,,,,,,,,,,
81035008,0,Pakistani (Urduspeakers),0,,,,,,,,,,,,,,,,,,
8124001,0,West Africans,0,,,,,,,,,,,,,,,,,,
81283004,0,Todas,0,,,,,,,,,,,,,,,,,,
81403004,0,Swedes,0,,,,,,,,,,,,,,,,,,
81653003,0,Pehuenches,0,,,,,,,,,,,,,,,,,,
81846005,0,Naiars,0,,,,,,,,,,,,,,,,,,
8.2121E+13,0,Other white British ethnic group,0,,,,,,,,,,,,,,,,,,
82174001,0,Shona,0,,,,,,,,,,,,,,,,,,
83365001,0,Thais,0,,,,,,,,,,,,,,,,,,
83584002,0,Luo,0,,,,,,,,,,,,,,,,,,
83939006,0,Irula,0,,,,,,,,,,,,,,,,,,
85163001,0,Russians,0,,,,,,,,,,,,,,,,,,
85371009,0,Bushmen,0,,,,,,,,,,,,,,,,,,
85515006,0,Eskimo,0,,,,,,,,,,,,,,,,,,
870448005,0,Khoikhoi,0,,,,,,,,,,,,,,,,,,
87323008,0,Nez Perc√É¬©,0,,,,,,,,,,,,,,,,,,
88790004,0,Abyssinians (Amharas),0,,,,,,,,,,,,,,,,,,
88839008,0,Sudanese,0,,,,,,,,,,,,,,,,,,
88934004,0,Nigerians,0,,,,,,,,,,,,,,,,,,
89026003,0,Alacaluf,0,,,,,,,,,,,,,,,,,,
90348007,0,Ghashgai,0,,,,,,,,,,,,,,,,,,
90822005,0,Gambians,0,,,,,,,,,,,,,,,,,,
91066000,0,Tatars,0,,,,,,,,,,,,,,,,,,
91191002,0,Oraons,0,,,,,,,,,,,,,,,,,,
91488008,0,New Britons,0,,,,,,,,,,,,,,,,,,
9158000,0,Liberians,0,,,,,,,,,,,,,,,,,,
9533000,0,Dutch,0,,,,,,,,,,,,,,,,,,
9.76721E+14,0,Mixed multiple ethnic groups: white and black Caribbean - England and Wales ethnic category 2011 census ,0,,,,,,,,,,,,,,,,,,
9.76741E+14,0,Mixed multiple ethnic groups: white and black African - England and Wales ethnic category 2011 census ,0,,,,,,,,,,,,,,,,,,
9.76761E+14,0,Mixed multiple ethnic groups: white and Asian - England and Wales ethnic category 2011 census ,0,,,,,,,,,,,,,,,,,,
9.76781E+14,0,Mixed multiple ethnic groups: any other Mixed or  Multiple ethnic background - England and Wales ethnic category 2011 census ,0,,,,,,,,,,,,,,,,,,
9.76961E+14,0,Other ethnic group: Arab - England and Wales ethnic category 2011 census ,0,,,,,,,,,,,,,,,,,,
9.76981E+14,0,Other ethnic group: any other ethnic group - England and Wales ethnic category 2011 census ,0,,,,,,,,,,,,,,,,,,
9.77401E+14,0,Mixed multiple ethnic groups: white and black Caribbean - Northern Ireland ethnic category 2011 census ,0,,,,,,,,,,,,,,,,,,
9.77421E+14,0,Mixed multiple ethnic groups: white and black African - Northern Ireland ethnic category 2011 census ,0,,,,,,,,,,,,,,,,,,
9.77441E+14,0,Mixed multiple ethnic groups: white and Asian - Northern Ireland ethnic category 2011 census ,0,,,,,,,,,,,,,,,,,,
9.77561E+14,0,Mixed multiple ethnic groups: any other Mixed or Multiple ethnic background - Northern Ireland ethnic category 2011 census ,0,,,,,,,,,,,,,,,,,,
9.77861E+14,0,Other ethnic group: Arab - Northern Ireland ethnic category 2011 census ,0,,,,,,,,,,,,,,,,,,
9.77881E+14,0,Other ethnic group: any other ethnic group - Northern Ireland ethnic category 2011 census ,0,,,,,,,,,,,,,,,,,,
9.78041E+14,0,White: any other white ethnic group - Scotland ethnic category 2011 census ,0,,,,,,,,,,,,,,,,,,
9.78061E+14,0,Mixed or multiple ethnic groups: any Mixed or Multiple ethnic group - Scotland ethnic category 2011 census ,0,,,,,,,,,,,,,,,,,,
9.78391E+14,0,"Other ethnic group: Arab, Arab Scottish or Arab British - Scotland ethnic category 2011 census ",0,,,,,,,,,,,,,,,,,,
9.78411E+14,0,Other ethnic group: any other ethnic group - Scotland ethnic category 2011 census ,0,,,,,,,,,,,,,,,,,,